pixel_0,pixel_1,pixel_2,pixel_3,pixel_4,pixel_5,pixel_6,pixel_7,pixel_8,pixel_9,pixel_10,pixel_11,pixel_12,pixel_13,pixel_14,pixel_15,pixel_16,pixel_17,pixel_18,pixel_19,pixel_20,pixel_21,pixel_22,pixel_23,pixel_24,pixel_25,pixel_26,pixel_27,pixel_28,pixel_29,pixel_30,pixel_31,pixel_32,pixel_33,pixel_34,pixel_35,pixel_36,pixel_37,pixel_38,pixel_39,pixel_40,pixel_41,pixel_42,pixel_43,pixel_44,pixel_45,pixel_46,pixel_47,pixel_48,pixel_49,pixel_50,pixel_51,pixel_52,pixel_53,pixel_54,pixel_55,pixel_56,pixel_57,pixel_58,pixel_59,pixel_60,pixel_61,pixel_62,pixel_63,target,label_available_batch,scenario_name
0.0,0.0,12.400735681306521,15.96393215697622,14.0,21.717472046188036,0.0,-1.406462177903648e-06,1.3354903724620143e-06,3.0,14.0,11.295435676400707,7.839511569130992,34.51549808140027,6.445179359053147,-1.1571925600604045e-06,0.0,15.322051064454355,18.756147603079114,0.0,-10.0352869228813,14.0,7.161225878358199,0.0,0.0,8.04241120349427,4.0,-5.940423786545835,8.458955182378762,16.0,4.0,0.0,1.1096042246076794e-06,7.64883433569624,3.8837471243452084,-9.046577902071217,-9.120621876405803,16.0,0.0,-1.163029721018382e-06,0.0,-2.016341330808526,11.0,-6.944338848726331,-5.455739422803704,27.56943238125725,4.852911897909139,-0.20245979134939623,-0.17405310410476568,0.0,8.186986523995007,4.0,3.3965723652927235,19.74560083003941,0.0,-1.4983061646033746,-1.2722840017454427e-06,-1.5089530317680053,13.313251052037165,16.0,14.0,-5.475598359929007,0.0,0.0,0,6,severe_covariate
0.0,0.0,7.038391685939321,19.94175599570371,11.0,4.669442300952634,0.0,-1.1403898334202317e-06,1.1992977196606973e-06,0.0,0.0,34.331868657069805,34.00681967194618,8.251012161002784,3.6798490495784018,-1.1194018363208793e-06,0.0,3.2611988072640803,5.927176936879225,15.0,16.569552235445283,0.0,-3.3754353202565666,0.0,0.0,-5.327479987818881,2.0,18.830137019863447,33.330972396146876,0.0,0.0,0.0,1.0450199116894809e-06,-3.6855803564723937,-4.954406712910483,19.793536885485473,22.720022868632224,0.0,0.0,-1.1621794150590647e-06,0.0,-4.661643001197993,0.0,12.978088273190295,16.864924613868467,9.530050311626818,5.317681452227505,-0.18120653376558202,-0.1998787571170764,0.0,-6.670109249479033,13.0,9.580366032556512,7.306553950995666,0.0,-1.5592624594094633,-1.1987412288887192e-06,-1.7802839025402466,5.814834752394361,12.0,11.0,-6.022025912953707,0.0,0.0,1,6,severe_covariate
0.0,0.0,5.5442073346471945,-5.313288758332376,8.0,32.199098373013705,9.0,-1.1988564358090803e-06,1.869965448365412e-06,0.0,1.0,28.421775899077932,17.879606435503376,10.456073250730393,17.864042628469793,-1.1379463704484843e-06,0.0,5.277700435879104,21.908824821979536,11.0,-7.075065688053696,11.0,12.183051432659482,0.0,0.0,2.1726532329976234,16.0,15.878743498647452,37.65231868882418,15.0,3.0,0.0,1.4584930213507526e-06,-0.717885225001518,17.26260739864755,8.336009275634442,0.8523987885549198,14.0,0.0,-1.3158410051046428e-06,0.0,-5.492479804256424,0.0,-7.421133411630715,2.488583234247457,19.017555008073927,5.971672444208025,-0.19697892254315133,-0.16947133835177897,0.0,-6.255491667216997,0.0,8.75026270443151,13.254568310067528,0.0,-1.3515886354633337,-1.4347447152996865e-06,-1.4243129306671214,6.13872318680365,0.0,9.0,2.9122887805266817,0.0,0.0,9,6,severe_covariate
0.0,0.0,14.615845199742752,19.16210336367586,14.0,11.246584109563893,0.0,-1.156355889007447e-06,1.2889941161959089e-06,1.0,13.0,33.39792989264098,30.93098564802841,21.136266630943336,4.452365207155995,-1.2037247163253732e-06,0.0,19.1240587415442,28.798541563838246,3.0,18.69596141970728,5.0,-4.199726707275186,0.0,0.0,11.184108370594235,13.0,-3.530908342239239,38.44709887352331,3.0,0.0,0.0,1.2849638949292607e-06,0.24579543531154968,-1.4473808645727937,10.98401369823871,17.145988872998732,0.0,0.0,-1.0906219830669165e-06,0.0,-5.156823469141798,0.0,10.542298895915007,11.321846126326232,7.7091183331193625,6.524083672343588,-0.18801886848062707,-0.16162700913566042,0.0,-4.317939025563165,16.0,21.017684487659874,25.64526617323163,10.0,-1.1619306247615773,-1.174359253906354e-06,-1.9433877745251078,14.631604438025487,16.0,14.0,15.520646650840577,9.0,0.0,2,6,severe_covariate
0.0,0.0,4.502805312478523,-4.7240307060002005,15.0,14.643233204105952,0.0,-1.2826703820183638e-06,1.3735975383705418e-06,0.0,1.0,28.08676972384883,30.084755473044684,6.92285656609128,2.7657818514279677,-1.0340376610696334e-06,0.0,4.331671850677051,19.258329412092767,15.0,0.2568612668101889,7.0,8.900347533299625,0.0,0.0,0.3061635384055543,16.0,4.336408822608931,9.956019101991574,16.0,8.0,0.0,1.3852360149098558e-06,17.04753276350784,21.713299468114617,-7.900021173304346,4.264097429667746,16.0,2.0,-1.4469753818673073e-06,0.0,10.74642007822364,16.0,10.706066695698205,18.875944349363586,31.504888411801183,12.156571535809178,-0.15954438583091213,-0.16130867861403103,0.0,3.3152567922592406,8.0,19.53409359535612,24.700249042408217,1.0,-1.7340642228332275,-1.5060647685487185e-06,-1.3823528347085434,6.373455312051461,0.0,15.0,16.024819784635493,0.0,0.0,4,6,severe_covariate
0.0,8.0,27.72855088522585,16.366723751563427,16.0,33.52842876933148,8.0,-1.0802552214232288e-06,9.344671529004292e-07,9.0,16.0,36.855541737502236,26.378265421316968,25.23991133896643,9.150081443322396,-8.078974074727013e-07,0.0,13.409641276923125,28.687564631982713,12.0,-7.535770571309991,0.0,-3.9230889199058208,0.0,0.0,-3.551951373481564,14.0,15.153911921886023,7.536416087457224,0.0,0.0,0.0,1.4149559141332484e-06,-6.128071880553408,8.467463903005497,19.953813701829006,-3.154247164534305,0.0,0.0,-1.166058223033269e-06,0.0,-4.804511197611304,8.0,12.502935265651423,-7.621475002430557,7.294719318159968,5.112749026299706,-0.17008427046895594,-0.2019492398014157,3.0,11.042877653976973,11.0,-7.240719775703995,8.263660663910326,0.0,-1.3983058680032048,-1.3093723304835852e-06,11.723685817979257,32.94172812261033,6.0,0.0,-7.573205516431727,0.0,0.0,5,6,severe_covariate
0.0,0.0,23.714000811001764,11.919394995751755,0.0,6.403108022836528,0.0,-1.4400624317115483e-06,1.4835751031201026e-06,2.0,16.0,35.148255514023965,32.325919654983565,28.596496994471558,3.471036119345318,-1.4213061748766279e-06,0.0,9.646210684905546,29.347540564261667,12.0,8.70023722905295,14.0,-3.7597568508465966,0.0,0.0,-3.348092281613038,16.0,-7.745247401247169,28.440866663845632,15.0,0.0,0.0,1.4036717322020976e-06,-5.732732581365314,18.860351760728086,21.650051599568553,11.057586049654688,15.0,2.0,-1.3163289767089944e-06,0.0,-6.39075222961447,0.0,-2.1556140205339247,-6.090838372062313,20.75469184962993,24.429712613186364,-0.18592800657163264,-0.1761873807332486,0.0,-7.902982807934307,0.0,8.633790757344595,24.992259933394532,4.0,-1.5527623625472684,-1.1530660895761977e-06,-2.040151791698349,20.00644262540714,12.0,13.0,-1.7361063334950306,0.0,0.0,9,6,severe_covariate
0.0,0.0,6.872062153527355,6.2567652631816655,12.0,23.1626056302719,2.0,-1.3850648472595944e-06,1.0959307617484974e-06,0.0,5.0,35.834375206111034,33.135638241051865,32.74093855957526,8.83627343397856,-1.3788445050663905e-06,0.0,4.475989829399418,19.08181660311984,16.0,17.591978197245133,11.0,-3.320946093891496,0.0,0.0,-0.07811412060150891,16.0,19.42871253564308,39.72850688590872,5.0,0.0,0.0,1.0139033326311623e-06,0.9759877095093955,22.89217516007331,20.178112183137713,23.878889690543264,4.0,0.0,-1.1577745316597336e-06,0.0,-3.5945828694016253,15.0,12.490680226463411,20.483225171905456,13.51951416897662,6.6499161726180285,-0.18773338776670542,-0.20122486113288218,0.0,6.308383993903107,16.0,21.411183572583305,18.09073150478293,0.0,-1.0508544738061487,-1.4743493396561422e-06,-1.7440509331163332,4.865960624987662,9.0,12.0,5.756527407172993,0.0,0.0,1,6,severe_covariate
0.0,0.0,13.586147681773891,9.751444321921529,16.0,35.06616191746239,5.0,-1.3411995490302593e-06,1.0658021132306413e-06,3.0,15.0,25.689563767134246,24.473251365405822,35.55429519523726,8.1052794172112,-1.0344456002697072e-06,0.0,5.603423247190932,9.740399225091695,0.0,10.771082038544412,14.0,-3.5393308134165755,0.0,0.0,-4.248610957196333,7.0,18.023835236367272,37.56503305455077,16.0,12.0,0.0,1.1980657959470279e-06,-6.110963839030086,10.134377855530763,21.085738360009607,19.548446962514394,4.0,1.0,-1.440756341670156e-06,0.0,-4.703000513420167,1.0,10.326468201355059,5.140924072233504,8.83573890790862,4.55959380203004,-0.21260561852875903,-0.16375946099637004,0.0,-0.5329965933391901,16.0,0.48198061598153663,6.582299856901179,0.0,-1.237383723317069,-1.0668893152438208e-06,-1.504517716636916,19.098846470355685,16.0,0.0,-7.520383650004384,0.0,0.0,7,6,severe_covariate
0.0,0.0,11.309956875168528,4.90126827987884,9.0,21.926451771575127,0.0,-9.696536309187867e-07,1.432495057887561e-06,6.0,16.0,26.62177983600081,19.237401893113248,13.462285347510003,3.8215459616675784,-9.349996299204834e-07,0.0,22.097785679822216,24.21918716279818,0.0,-7.029926221518033,0.0,-3.382495347255505,0.0,0.0,9.268735258890457,16.0,9.681441560184787,17.483116688632766,0.0,0.0,0.0,1.2014677903260837e-06,-5.700668033377968,-1.5764438506766056,6.839564590111709,15.82167044981162,10.0,1.0,-9.447587078133431e-07,0.0,-5.876093644253007,0.0,-7.335065336411034,-8.131671659575588,22.582344521703586,16.69765313666174,-0.2121649141049798,-0.15723900503840788,0.0,0.2427290588284984,2.0,-1.0808842077511256,20.08448797433726,8.0,-0.6389904407504501,-1.1979767920069697e-06,-1.6928670215779127,17.241657694455558,16.0,14.0,8.052264572208772,0.0,0.0,5,6,severe_covariate
0.0,0.0,24.15162494348321,16.91445024676994,16.0,33.86766156036208,7.0,-1.4678360842611864e-06,1.5403332708813127e-06,1.0,14.0,34.94471546135972,15.149755353187619,13.311521306407299,6.138909067622073,-1.2038586976742298e-06,0.0,17.02844955577394,28.694934295208515,2.0,-7.640817963589833,0.0,-3.20018658001328,0.0,0.0,8.846501734354455,16.0,12.521611785436512,32.801603039493045,9.0,1.0,0.0,1.2916141373351677e-06,-3.4927465621693,8.971577321919769,6.198283697915151,8.48785160428579,15.0,10.0,-9.947360026229126e-07,0.0,-3.9952469386799385,0.0,-6.4020238363085245,-8.39582233159773,27.934702756839613,26.133818993351316,-0.14568469687144325,-0.1899872139793845,0.0,3.6549631861409235,2.0,3.072615492145314,25.4496782756706,5.0,-1.7576145900041653,-1.5492182005683302e-06,-0.5427954197513045,22.00261719034343,16.0,16.0,8.025685406936583,0.0,0.0,5,6,severe_covariate
0.0,0.0,16.902530054484284,14.554972583857124,8.0,14.423306471691987,0.0,-1.207749868027244e-06,1.163699266473778e-06,0.0,16.0,18.78547655165477,31.014477107340344,31.375678396474104,4.7005006297772685,-1.3871158285500073e-06,0.0,11.27973928412638,29.479628398322912,4.0,-9.107423071918928,8.0,5.5661680028532485,0.0,0.0,7.022564819697844,14.0,-7.953198275060809,9.936143567259753,4.0,4.0,0.0,1.584127197806924e-06,7.877844359359503,23.995053296654028,-7.878272477311905,-8.33168564857864,4.0,5.0,-1.2967581081241366e-06,0.0,-0.5510910407848084,16.0,-4.05673952532902,-7.51500288744367,22.362110364099248,11.793865970170998,-0.1902241373424246,-0.18176251291269352,0.0,15.773561677362672,16.0,21.179068582692636,22.603204630513115,0.0,-1.4104820523990629,-1.2361841171197624e-06,-1.9485481933662125,16.604475809043787,13.0,7.0,-6.318098061793885,0.0,0.0,0,6,severe_covariate
0.0,0.0,11.642796326980642,12.651279729107742,12.0,11.624699760817752,0.0,-1.126047422616747e-06,1.2711670884492538e-06,0.0,4.0,35.70233800990273,32.60810918727868,14.703899326787601,4.617574256169507,-1.2483186245030202e-06,0.0,5.702221262733989,14.278690634873367,16.0,17.16692819931095,5.0,-2.368784002527406,0.0,0.0,-4.69691026505644,11.0,17.10483599971629,34.82525900346652,0.0,0.0,0.0,1.1833020922652909e-06,-5.512223526717529,15.965367466168825,21.316129643852815,19.073854966733094,0.0,0.0,-1.044578158890932e-06,0.0,-5.162439834659277,13.0,12.541143514915031,9.029715866570552,7.970491466553766,3.614991573105428,-0.19273316626376127,-0.16262240824791035,0.0,2.2085029361455124,16.0,10.826465080046468,9.624453339609605,0.0,-1.3465748411753027,-1.337934456091886e-06,-1.9948582645248376,14.921612379173466,13.0,14.0,-0.06471744663886092,0.0,0.0,1,6,severe_covariate
0.0,0.0,6.276119573254127,1.4098928541560714,15.0,8.690227253319431,0.0,-1.5239676738061673e-06,1.1104535395001233e-06,0.0,0.0,28.879460401648448,19.60262484174291,9.694923244398503,3.6297287652469463,-1.553293313671139e-06,0.0,5.247806562650309,13.465174158693653,12.0,-6.986898800104605,0.0,-3.8699563681047553,0.0,0.0,-3.973550102821876,8.0,8.678049155219679,7.8708022317726,0.0,0.0,0.0,1.4605534770614812e-06,-4.901797053370996,18.5203369742007,14.140741231410487,12.051514908952148,10.0,0.0,-1.2209783683607733e-06,0.0,0.9521179065437628,16.0,12.321483990374256,5.128054937393603,24.45523065391055,21.259848842003844,-0.16681182182781926,-0.1898685395819026,1.0,1.8299351301468434,15.0,1.873408453859366,9.689731810926062,12.0,-1.4747983875301771,-1.1438792363865528e-06,-1.6796513198308813,6.217581888408541,7.0,15.0,23.1814425334708,8.0,0.0,6,6,severe_covariate
0.0,0.0,11.516427704039115,11.360624981724563,14.0,16.148381271529225,0.0,-1.4760581577044988e-06,1.2070717988914832e-06,0.0,11.0,35.813477376124965,32.49507991428521,34.738345825172665,7.524686830757297,-1.1171678122861711e-06,0.0,8.567231699068676,27.361493787056414,14.0,-4.411079314560768,16.0,9.318629903958165,0.0,0.0,9.009579939371088,16.0,4.595552573620985,8.223632197227232,16.0,6.0,0.0,1.4078854449162508e-06,0.8016475863581878,22.90019692245124,0.6741325243474838,-3.2009286048879195,16.0,4.0,-1.4911240765248772e-06,0.0,0.3245073487614114,16.0,-1.8975830369668234,8.824256477233776,27.20272482669774,5.5606209542558735,-0.2132019169021183,-0.16580206911093515,0.0,12.387655675598298,16.0,21.06993667170257,19.34230752076026,0.0,-1.0712382208697593,-1.0958388445210155e-06,-1.267290346454308,12.595369072213947,14.0,14.0,-4.357510440950881,0.0,0.0,0,6,severe_covariate
0.0,0.0,5.253452065321908,-6.258286466105044,12.0,18.220534068385295,0.0,-1.3786656441413346e-06,1.3623999285422225e-06,0.0,0.0,26.27229556336856,29.14456363691243,10.616516709864928,3.7764004969671063,-1.2318718552165938e-06,0.0,5.386928887907274,16.714413878730607,16.0,2.5047211849039392,1.0,1.2334651572134878,0.0,0.0,0.5308171950785163,16.0,8.605515274523325,9.914227872797545,15.0,9.0,0.0,1.099955734628482e-06,14.685758247274796,22.494446605176456,1.945937771078936,9.406019783003297,16.0,6.0,-1.3664638108439584e-06,0.0,12.125320049541608,16.0,12.216749517742322,21.154186587988512,30.269831728691017,7.832448980920162,-0.14626941732969445,-0.1996311758247039,1.0,3.6455315358696607,4.0,16.522708439314684,23.291771589437012,0.0,-1.818893117578934,-1.1539872809189716e-06,-1.8600760604789097,6.120490068078928,0.0,14.0,8.170615031293226,0.0,0.0,4,6,severe_covariate
0.0,0.0,6.925301238810632,9.157188449265163,0.0,5.287333226572397,0.0,-1.5202901668306077e-06,1.451388197343908e-06,0.0,4.0,35.36641658731772,3.9453071735226066,6.935106912292112,4.0897129068200595,-1.2515844297949556e-06,0.0,4.240551789876543,20.36088354168353,11.0,-9.368976122084542,0.0,-3.0231346744014815,0.0,0.0,-3.8257007103510374,13.0,7.245088602447388,14.498120743804261,2.0,0.0,0.0,1.1874244168406183e-06,-6.004252160462528,19.23483304190034,20.857866347468704,22.585456889807364,15.0,4.0,-1.2361639373795462e-06,0.0,-5.5485759045419,13.0,7.999421147501699,3.697130742556883,13.791314404629635,25.40482884214039,-0.17765045719095873,-0.22156210236416163,0.0,5.703122155362343,11.0,1.4097663758313974,18.10870052454824,15.0,1.7449784832126853,-1.3622295666246704e-06,-1.5867366628338733,9.181615534248538,12.0,16.0,17.726945258420958,6.0,0.0,6,6,severe_covariate
0.0,0.0,4.445973801654932,12.239090624519982,15.0,18.388932230756094,0.0,-1.189430356940361e-06,1.0295044407349778e-06,0.0,5.0,35.31637707762727,27.358151712386803,33.477486433663685,4.5378911170870655,-1.49834292687156e-06,0.0,4.794917253348266,6.88310507709714,16.0,18.570350280653713,12.0,-2.0460360741769494,0.0,0.0,-5.031064523795181,0.0,11.917346686617542,38.57917559387867,14.0,1.0,0.0,1.2725042732145533e-06,-5.319280219351899,6.20674471978456,20.281028106947332,20.063400771665005,10.0,0.0,-1.1646208591358126e-06,0.0,-2.5042258262290886,16.0,2.0498389680934332,-3.6954592466125162,28.878347175517472,12.187462836742228,-0.12005942298886726,-0.17677896459906223,0.0,10.468137460078127,10.0,0.5455926419317016,20.454931836270664,7.0,-1.1122098507544176,-1.338387771062303e-06,-1.606305945958991,9.506386293037224,11.0,16.0,19.079641167140334,3.0,0.0,8,6,severe_covariate
0.0,0.0,20.731753334900144,18.17092406226466,13.0,8.044664585385481,0.0,-1.0014886178205729e-06,1.517323398319504e-06,5.0,14.0,18.46972110670358,27.2914557486349,12.526735571565958,4.530745891477912,-9.151622039148148e-07,0.0,23.347757810440545,21.040306201444967,1.0,12.046116919520342,0.0,-4.159230039587516,0.0,0.0,1.5564800078447414,7.0,2.8661750064279907,28.314488168809085,0.0,0.0,0.0,1.218604671782702e-06,-5.941585538459872,-7.338354695762908,10.006668679761095,4.231099816433058,0.0,0.0,-1.4898533009486391e-06,0.0,-4.519397140758444,1.0,12.016246703304777,-8.372598095753663,8.107538520216126,4.939327963357198,-0.19343639285255526,-0.18365809357660443,0.0,4.6896565714626455,11.0,-7.1957957132745225,13.066125417260348,5.0,-1.2147569611788667,-1.3344070542744061e-06,-2.1354196678697517,22.644385465194837,16.0,16.0,21.203704188481886,16.0,3.0,2,6,severe_covariate
0.0,0.0,14.03097660048965,18.200185760069694,14.0,9.957535799540507,0.0,-1.2787617028645027e-06,1.257542923967054e-06,1.0,13.0,32.30311410981495,32.37263662140228,19.674884490653362,4.24850692627706,-1.1612135395880017e-06,0.0,19.268531470155043,26.5436497711021,3.0,18.002924300928907,5.0,-3.836126152063157,0.0,0.0,9.508676135967558,13.0,-0.6712070649235995,37.025206718926,3.0,0.0,0.0,9.926080531118358e-07,-1.7495418006660768,0.5211719474782446,12.501150205848596,17.430645619674017,0.0,0.0,-1.2872359079569753e-06,0.0,-4.982682296178478,0.0,10.254774799256422,10.66924179545881,8.456129978886755,5.438331484532508,-0.19016170888505726,-0.15229123131471248,0.0,-4.22549625998823,16.0,20.80068645896148,26.390593565507757,10.0,-1.4394143427915551,-1.266427375716965e-06,-1.7641984539628328,15.497904355806574,16.0,14.0,15.188174274616381,9.0,0.0,2,6,severe_covariate
0.0,0.0,5.955135032801338,8.602109953614017,13.0,7.7636059283424945,0.0,-1.2826191180069303e-06,1.396338468368468e-06,0.0,3.0,32.75327757183626,16.78283704631928,26.814364122708795,2.754837013840253,-1.3485096060810395e-06,0.0,7.37501688020804,21.814426373223753,8.0,0.14607975668280732,14.0,-2.7281792055694085,0.0,0.0,4.3397141103979076,14.0,-7.051396262453608,32.12893403450117,7.0,0.0,0.0,1.3132691931950155e-06,16.850773796059705,3.780694014166834,-2.3081037325064004,21.857118686077506,9.0,5.0,-1.407795428229937e-06,0.0,18.448030630912967,13.0,9.306509305969932,20.709692239436077,30.420507496945845,11.665207326585316,-0.16234501503042595,1.2093801906603603,15.0,15.345210084696069,16.0,13.593173651241425,9.525990505114361,0.0,-1.1795231357757872,-1.0644935673893023e-06,2.5515473072669534,10.60337285756107,13.0,4.0,-7.545950079856999,0.0,0.0,4,6,severe_covariate
0.0,0.0,8.856800882957007,16.07831152349346,8.0,6.05477418020816,0.0,-1.3373555233539217e-06,1.2145238733192404e-06,3.0,14.0,23.549286463585783,33.02165836670598,8.36725332350404,4.43963728661374,-1.2784887743078093e-06,0.0,21.394311445431057,16.735638282345878,2.0,18.52372365779366,0.0,-3.8561258990223486,0.0,0.0,8.704396367303568,8.0,-5.522553651559171,33.610040026548724,0.0,0.0,0.0,1.173486299444883e-06,-3.8853478113487525,-2.5907885027229467,1.2062163889936384,13.117486866122277,0.0,0.0,-1.174299976364319e-06,0.0,-4.476129485889583,0.0,3.5719925638833088,3.006543251729741,8.243975250803635,4.863246872240263,-0.18030221651988027,-0.10868964539414197,0.0,-6.471062171749605,14.0,9.069717283650009,14.008760925070895,7.0,3.1071321454335816,-1.0038507164044328e-06,-2.2508757841737177,8.30556017287565,14.0,16.0,22.705322283233716,13.0,8.0,2,6,severe_covariate
0.0,3.0,29.6785128639315,14.378797165494733,12.0,21.249716751375946,1.0,-1.5677863325348454e-06,1.0653223556230583e-06,4.0,16.0,31.692042745597146,24.907553198135382,27.513876845052916,6.608581623120273,-1.6051793507831704e-06,0.0,4.9303879841228895,29.571731306840817,4.0,-9.004990653306411,0.0,-3.872445002013382,0.0,0.0,-4.727103170813782,12.0,8.367183362635512,8.315528928303962,0.0,0.0,0.0,1.0567641197976568e-06,-5.546683283266664,6.539221044120645,19.501360444191786,-1.807321132751531,0.0,0.0,-1.1659940621115786e-06,0.0,-5.288556930326958,0.0,9.610328673559485,5.067852240998807,7.864875910130399,5.6924713816972705,-0.17939319328116532,-0.15531215616760188,0.0,-1.1292591324126608,15.0,11.04957285103724,6.4610963730790365,0.0,-1.0848744499488894,-1.3464790376770826e-06,1.4345980070850701,30.35815286016582,16.0,2.0,-6.583892614129199,0.0,0.0,5,6,severe_covariate
0.0,0.0,11.07490035141872,12.55197719534615,15.0,31.803205059471512,3.0,-1.2616609734591362e-06,1.4211461093099693e-06,1.0,16.0,16.333485830533537,6.428787149024638,22.249748531846155,19.102577406717682,-1.2656795765693218e-06,0.0,13.89447650550416,27.800044618383154,11.0,-6.146904563757881,13.0,9.957184382263643,0.0,0.0,-2.410498272018261,9.0,16.158388014574307,36.988721101880316,4.0,0.0,0.0,1.0063604747630202e-06,-4.296017902183069,-0.46438643170303845,18.04255254286601,22.769620537363153,7.0,0.0,-1.2121007685827386e-06,0.0,-4.7306607754231,9.0,-1.7324756039217317,3.8810909384238856,29.15003119210318,6.001567016031618,-0.20806956518794545,-0.19427728024459037,0.0,7.2893483050285495,10.0,5.567746119292293,27.411680826398154,2.0,-1.1517389122322446,-1.2528137032213722e-06,-1.5044647198639822,10.758553889723093,12.0,16.0,16.779247528974743,0.0,0.0,8,6,severe_covariate
0.0,0.0,5.68174233711099,16.50330057453393,16.0,33.88310595855844,11.0,-1.3433645149771575e-06,1.5497836213066568e-06,0.0,2.0,35.41695423137291,32.14981026149055,34.88480042224372,16.423237872366307,-1.1523503529077905e-06,0.0,5.305171489147578,11.320095841484797,16.0,19.194315753156076,16.0,3.37938763463662,0.0,0.0,-4.717919646802505,12.0,17.81955696903769,37.28078571460855,12.0,0.0,0.0,1.1435054124223587e-06,-4.865758067100995,16.472114669778186,20.901134851426466,23.13478282523191,6.0,0.0,-1.2863799635010477e-06,0.0,-5.321370781470889,14.0,11.029210307832745,19.775540127282067,16.142788167756045,4.925541314837993,-0.21249258949770516,-0.1961610534314494,0.0,8.037624286617277,16.0,20.544456949582866,8.737921535308256,0.0,-1.1692506773361306,-1.6926377202281961e-06,-1.833140368866155,7.556299339898563,15.0,15.0,-3.445638753662699,0.0,0.0,1,6,severe_covariate
0.0,0.0,6.413278317010295,-7.043326581359458,11.0,29.811048575842875,3.0,-1.3335207094841366e-06,1.2910329981982053e-06,0.0,0.0,9.004793891985852,31.365101385048547,37.1171746068181,5.634043514390395,-1.0955693792442658e-06,0.0,5.994140700457965,5.595704943040869,11.0,19.412104515919648,14.0,-4.65633943354638,0.0,0.0,-4.418316412242083,3.0,19.85214245506029,37.921686665543625,15.0,0.0,0.0,1.3952989182359433e-06,-2.005275595941359,17.76761138199796,22.278981188096303,20.085781671353878,13.0,0.0,-1.179813661130344e-06,0.0,4.0204061474905615,16.0,5.780625371917536,20.021898841867493,27.07125295604485,5.63272583034626,-0.1944055599549962,-0.2285226651743369,0.0,-7.469750618781318,0.0,12.411362480233382,24.99950709298063,1.0,-1.2756098617544147,-1.1725447596925048e-06,-1.6999699719255044,7.464368681125022,0.0,9.0,18.040172917167023,1.0,0.0,1,6,severe_covariate
0.0,0.0,6.127144578790144,10.495022315328875,11.0,6.926268687812869,0.0,-1.3486818312161943e-06,9.684088612530553e-07,0.0,9.0,34.647376828775826,16.36260264840681,7.281730902837862,4.015206354528044,-1.3864967301883403e-06,0.0,5.517197450667386,27.37598143551505,13.0,-9.936402918732039,0.0,-3.566022139946866,0.0,0.0,-5.49419074901447,14.0,11.000097379140595,6.701050667719908,0.0,0.0,0.0,1.3157354869014977e-06,-3.248627163193784,21.786787462722657,14.432674248038571,6.973852698215946,2.0,0.0,-1.1027169095562475e-06,0.0,-5.557638409968696,12.0,14.263149751457961,22.3597537195136,31.48509543307147,22.67070564366812,1.5607815213835805,-0.16469256787547495,0.0,2.219756162008597,16.0,14.341162846219659,21.78020643969351,16.0,4.885119577965844,-1.5087199218538668e-06,-1.8428054101541373,6.414674266084302,9.0,15.0,13.990173608358248,5.0,0.0,6,6,severe_covariate
0.0,0.0,14.305834571077586,13.717357413523105,11.0,7.704926300022253,0.0,-1.4841520003859142e-06,9.701729337808574e-07,3.0,16.0,26.218571293889756,20.043479216702874,27.60147163163004,3.560459875813345,-1.3239941500146038e-06,0.0,13.08512787773838,28.95467453716828,0.0,-7.39386364144427,13.0,2.568513236123325,0.0,0.0,3.1709946376762406,13.0,-8.486151455967178,8.767242153769802,6.0,7.0,0.0,1.1593398419535607e-06,6.050497222617229,12.493643680561464,-7.406074945159833,-6.392397216875734,8.0,7.0,-1.1768027568286394e-06,0.0,1.501090414836609,13.0,-9.181664913261425,-6.72643313552642,27.961400477211527,14.440744691503891,-0.21527201713970273,-0.18886880592311062,1.0,15.460288158797194,5.0,14.207767396288048,18.756536158661156,0.0,-1.1861399666144408,-1.334329064038948e-06,-1.7879807573723234,17.24906615993262,16.0,10.0,-4.7312902074609315,0.0,0.0,0,6,severe_covariate
0.0,0.0,21.193876222561745,18.494688287274005,14.0,14.449955283313395,0.0,-1.4631279764094012e-06,1.168383249969051e-06,2.0,16.0,36.116354429716345,18.056930041754516,8.801042279419937,3.4551995577629606,-1.1761680007751095e-06,0.0,5.474166202966428,18.53148297432508,16.0,19.864500781733256,5.0,-3.133105955265399,0.0,0.0,-3.129159448552607,7.0,20.179147408286354,37.76460628676964,3.0,0.0,0.0,1.4800397237468656e-06,-4.1757979899618,20.55050452660917,17.55690882626451,15.668240052628995,11.0,0.0,-1.2202068997533735e-06,0.0,2.0779542731570007,16.0,-6.743944406618397,5.2032202863203825,28.519861127793124,5.361222877105306,-0.16098643190090914,-0.1747533261011131,7.0,12.834959697229086,9.0,15.927124463750797,25.614464680552796,1.0,-1.5232898980774683,-1.3970848053454524e-06,-0.4303494266608688,21.520114776547032,16.0,15.0,5.592111757529894,0.0,0.0,8,6,severe_covariate
0.0,0.0,4.619785350173363,-4.845940964885669,14.0,29.784343080560717,3.0,-1.1722829621510391e-06,1.3876076752724929e-06,0.0,0.0,25.90468807412744,23.40641643170734,28.027878600662888,13.122790528166444,-1.1260296670109507e-06,0.0,5.419364967881457,7.277306766806138,7.0,-8.50503340313539,13.0,11.403088574661439,0.0,0.0,-5.464118778336727,0.0,-8.463383110998056,20.85544372119667,15.0,1.0,0.0,1.1601884002296512e-06,2.9594757463563255,8.759173044010144,15.81162924628584,20.880348847363486,4.0,0.0,-1.430974789378142e-06,0.0,3.419397959011288,16.0,11.449635883079939,2.4176154881382663,6.895966919902358,5.686805880822744,-0.17365423739053737,-0.1637077319800242,0.0,-4.765078589202962,12.0,13.178935982659679,12.79714669147579,2.0,-1.3998827149921342,-1.337423278699524e-06,-1.055093700634105,6.486825285391796,1.0,13.0,19.877162235542016,5.0,0.0,2,6,severe_covariate
0.0,0.0,4.413939161410373,-0.9822322524458978,15.0,10.289974742191651,0.0,-1.3474681558310533e-06,1.040712236151529e-06,0.0,1.0,33.69511169129507,19.217339192176638,8.599332897338812,4.75039196811119,-7.048658542004046e-07,0.0,4.685638662173132,20.04852750767946,15.0,-6.225122811338835,11.0,13.323109261250769,0.0,0.0,0.8305156412689875,14.0,4.776999028411512,8.65951808229463,14.0,10.0,0.0,1.080332099502164e-06,9.772714798307492,25.215041747617125,12.97031534410926,15.525295134476718,16.0,8.0,-1.0083980274619736e-06,0.0,16.14116603620735,16.0,10.669588862484895,18.673032550895964,30.639953566173364,14.423544435773596,-0.17215410397497102,-0.19435647205381432,0.0,-7.723030470907829,0.0,18.659778731242177,23.633027087432183,0.0,-1.4333970421896753,-1.3083156122489313e-06,-1.559744129945123,4.974756632295522,4.0,16.0,10.475463193060648,0.0,0.0,4,6,severe_covariate
0.0,0.0,5.104225936298095,9.46142871860314,11.0,5.368385976208954,0.0,-1.1094951475791046e-06,1.1235501582481863e-06,0.0,0.0,31.25572418549726,28.23824631001857,7.126998736702941,3.8425223991504556,-1.2804615565601043e-06,0.0,5.785867272857986,12.737916413969138,16.0,-2.1046996398688904,0.0,-3.2156388236509237,0.0,0.0,-5.13985650702818,6.0,19.415694737362486,26.25855933090583,2.0,0.0,0.0,1.2778134612861306e-06,-6.400305083578638,16.38639755766718,20.493244582096665,15.71018807902932,11.0,5.0,-1.355526855256346e-06,0.0,-4.656350258960032,11.0,1.6592909516702385,-1.178619239358877,10.55135526570552,29.903771283376418,-0.16421478040447177,-0.19235575859290877,0.0,4.105364604680417,13.0,-4.924499352321958,13.319481874916898,13.0,-1.1763893210590588,-1.356249767362186e-06,-1.8937145103744686,6.478909350965729,9.0,16.0,20.95443477761555,5.0,0.0,6,6,severe_covariate
0.0,1.0,17.114258785630593,12.345445824889639,14.0,12.769170689117939,0.0,-1.4807554152645936e-06,1.4818458232716005e-06,10.0,13.0,7.656876481856536,13.424091826653827,23.21651697671419,4.341063008173245,-1.2743744482825711e-06,0.0,22.52447164630998,12.454115966069512,0.0,4.376005144225262,16.0,-3.094759286265995,0.0,0.0,4.76481673264849,10.0,10.239373276811401,33.08907032415548,15.0,1.0,0.0,1.2896931106120714e-06,-4.716418859506299,-2.9626412327926364,-2.2167788411451403,-9.110144046522953,14.0,4.0,-1.0170922439066762e-06,0.0,-4.692383730426521,0.0,-5.983367345283357,-5.679694321462461,26.39355409516385,8.383423119439819,-0.24678063347718246,-0.18356923629709018,0.0,3.1656839116176707,0.0,2.907027060144327,23.895694040766674,0.0,-1.4376047172842248,-1.1900104260233452e-06,-1.6332420199290292,14.7702253666569,14.0,14.0,3.2641407843467327,0.0,0.0,9,6,severe_covariate
0.0,0.0,3.7623747115739494,-6.915024284858214,12.0,24.166758216578362,0.0,-1.369145410206283e-06,1.1175723020393553e-06,0.0,0.0,24.360883168062887,31.619972586582563,11.802004427327482,3.6693097854289705,-1.122591820501955e-06,0.0,5.244000635572809,11.830713110680433,15.0,-1.5704531902569436,0.0,-3.259778778602233,0.0,0.0,-4.304454894221551,12.0,10.71348758634173,10.422168209000011,8.0,10.0,0.0,1.1630601992924765e-06,4.2143694363071456,22.80244255276851,-6.2994702249219925,-6.195647336879134,15.0,8.0,-1.1068173920680353e-06,0.0,5.0095367058662505,16.0,2.1753543582218637,10.131735262570203,31.815906512066864,18.609977876478098,-0.16420460383986338,-0.1626823018271448,4.0,13.369077524054388,16.0,21.51931140351559,22.567586707291763,0.0,-1.525295358345424,-1.117417428257796e-06,-1.6205990350684003,3.555158118291376,0.0,12.0,10.929069586945952,0.0,0.0,4,6,severe_covariate
0.0,3.0,22.618171143878854,9.788508926703688,12.0,27.997999084793207,6.0,-1.3175562016935903e-06,1.4737253075109982e-06,8.0,14.0,25.409910976988332,19.12894332848201,20.506032556211863,7.985492676787201,-1.3440965006275288e-06,0.0,16.64687195860607,19.875753918807984,7.0,-3.454456592134465,0.0,-3.1687531890138008,0.0,0.0,8.850808829288184,16.0,15.333595722461022,37.83684155574847,4.0,0.0,0.0,1.1008372421578843e-06,-2.835608167588454,-3.84014394495982,-7.368727036854997,3.674161971705697,9.0,0.0,-1.4703364726940119e-06,0.0,-4.357193939912053,0.0,-8.085367829981841,-0.09829617238407912,25.386070424390624,5.54893993167339,-0.18751296830950673,-0.17050063009317218,1.0,4.160740317973035,4.0,11.637411105902427,19.24074860666221,0.0,-1.1129713891803081,-1.2997993869098033e-06,1.4868282234287644,30.557682715621784,16.0,13.0,-3.5933273096295872,0.0,0.0,5,6,severe_covariate
0.0,0.0,12.236086264579095,15.647447075227452,15.0,10.357151489720952,0.0,-1.192724711609567e-06,1.2209579898362549e-06,6.0,16.0,25.1165184720298,30.342329776903824,21.054859781473137,4.274772851517843,-1.381579176518707e-06,0.0,4.967023804952401,13.466332418751092,0.0,5.517836841146508,8.0,-3.8141804302653957,0.0,0.0,-5.211566200427739,1.0,5.116629556009914,38.41335259012814,16.0,8.0,0.0,1.1469362817510266e-06,-4.685233667315403,18.159806392147885,20.21389564493546,22.1735330036733,4.0,0.0,-1.0927600903986683e-06,0.0,-5.68030712836957,6.0,7.034369552953466,7.369901739417721,6.1372524759279266,6.753434675945489,-0.14740596750653734,-0.18481887145802667,0.0,-6.343007399383311,13.0,-0.8717851034182216,9.287817322218244,0.0,-1.2037573635904093,-1.1799505355456692e-06,-1.63796981883256,15.833251002992057,15.0,2.0,-5.829967516578489,0.0,0.0,7,6,severe_covariate
0.0,0.0,9.801835661937044,14.416783055736966,15.0,7.274418733950354,0.0,-1.3719053582853462e-06,8.084080249294561e-07,4.0,15.0,31.39961901995792,29.063630410803484,22.592837216074038,4.127791430413053,-1.11864164162955e-06,0.0,24.201905271327924,24.183806078710404,2.0,14.174484441412588,9.0,-3.109066202069278,0.0,0.0,17.3268548770743,10.0,-5.014932486876574,36.400908310534675,9.0,0.0,0.0,1.396965058346963e-06,-4.190548286296244,-5.810145364166246,-3.848949152009989,24.349632059241557,4.0,0.0,-1.185456573798572e-06,0.0,-5.420908433320879,0.0,4.063933463276177,19.948115869430175,9.175022974835493,3.8974227070381278,-0.15343800798517926,-0.1823502264015785,0.0,-3.502300293937105,15.0,22.13247063609,26.72368098465506,16.0,8.487127495710642,-1.5642851122245321e-06,-1.9879050214551635,9.068671395877415,15.0,16.0,11.821653321151476,12.0,4.0,2,6,severe_covariate
0.0,0.0,20.153236975454544,15.953161098145753,16.0,16.429236260764057,0.0,-1.496239658662974e-06,9.16296726764482e-07,0.0,16.0,33.976947624142966,30.417202858741398,30.326286975704217,4.043454507452951,-1.2622263917495385e-06,0.0,5.524572599467575,6.44967682870664,3.0,18.21191041049418,11.0,-3.765522162329165,0.0,0.0,-4.4905000396599455,2.0,5.764684645362787,38.778807506069974,13.0,10.0,0.0,1.5285639681518406e-06,-0.617957557493142,21.152942788308913,18.924727210311175,23.203304484242473,12.0,4.0,-1.1142601372749784e-06,0.0,-1.7504002936417755,13.0,12.788573882769665,11.01245463243997,8.226317154093863,6.351448372540895,-0.159289549755604,-0.15522025465664874,0.0,3.7761532586353495,16.0,-4.312369709360708,7.827264709976206,0.0,-1.5599769767300788,-1.4462440582099938e-06,-1.7540771762127452,26.779911778688895,13.0,0.0,-6.826735249167641,0.0,0.0,7,6,severe_covariate
0.0,0.0,6.46427873811616,9.809152470689813,15.0,9.309161195893553,0.0,-1.255482063559584e-06,1.3029035841230768e-06,0.0,5.0,35.235817357757,16.815825239719754,9.001444292988712,4.056593956036169,-1.3222917905267582e-06,0.0,4.066595652358902,27.974201616461787,8.0,-9.038543222823263,0.0,-3.613686989045758,0.0,0.0,-4.797475344915384,15.0,1.8941772204991478,22.409965667149166,4.0,0.0,0.0,1.1837787976823889e-06,-5.859410712386129,20.471642673647327,20.07994941610119,16.935207306402546,14.0,7.0,-1.2781262084724247e-06,0.0,-5.381403928353484,14.0,-4.82718575321327,-6.350901772088713,12.356103705970021,25.06077644478668,-0.16479100594187657,-0.17474433919717777,0.0,1.4789694231876211,9.0,4.485012907998513,16.675787353329696,15.0,-1.5904812085218694,-1.0596325270487257e-06,-1.6757674426877223,4.8603355864509785,10.0,14.0,18.458766359237583,2.0,0.0,6,6,severe_covariate
0.0,0.0,20.858910990522507,13.96747942644804,10.0,7.767325276168291,0.0,-1.3185773994247343e-06,1.4224394399014243e-06,4.0,14.0,17.589856846266077,25.739052539712656,18.06593976662347,3.560251910177265,-1.2608278692732973e-06,0.0,14.514953671478292,22.945046123275358,0.0,4.255973393065383,7.0,-3.018737161666763,0.0,0.0,-4.090834949167652,16.0,8.051349401327435,36.976251371757016,1.0,0.0,0.0,1.1557932410341748e-06,-5.412551555204399,3.490984275961372,20.41624463221759,21.439646282793692,3.0,0.0,-1.3630704656758402e-06,0.0,-4.488875149055435,13.0,0.197191862203783,1.4435192122594944,30.671255756666387,13.614291278083996,-0.18857657887297882,-0.19192395175439295,3.0,14.029085718360458,0.0,0.11445025085588445,22.37380923724026,7.0,-1.281565988919901,-1.2440415110708547e-06,-1.8474182554696708,24.383665039694232,16.0,15.0,7.064878172666205,0.0,0.0,8,6,severe_covariate
0.0,0.0,17.05804565169875,12.305504807488573,1.0,6.941363899203645,0.0,-1.143488637607744e-06,1.2259748025072631e-06,0.0,15.0,35.77628752266682,30.857148752148113,14.29018240284231,5.494237020030539,-1.174520792958773e-06,0.0,9.294176322872953,28.889937718703663,9.0,9.469983914288473,11.0,-3.4807111661366106,0.0,0.0,3.228512399383143,12.0,-7.20395829114958,7.544534956510091,12.0,3.0,0.0,1.1522644855169423e-06,8.338480496205419,16.500460242089662,-7.638844855417569,-7.590647833422087,6.0,8.0,-1.2363481141489128e-06,0.0,4.404508676280197,13.0,-9.946782124114977,-6.528182666010871,21.855206543113578,18.755576202663025,-0.15333502351380568,-0.22513063224577823,1.0,16.72037770480631,13.0,20.219904286128752,26.11702266111456,3.0,-1.3025173186003287,-1.294291060331487e-06,-1.8066777641375897,16.110522478858094,15.0,9.0,0.3015246897968138,0.0,0.0,0,6,severe_covariate
0.0,0.0,3.8269652106841026,-5.350793986668782,11.0,31.704174608682493,5.0,-8.941663062988277e-07,1.46904920487848e-06,0.0,0.0,22.861886016759914,32.73395497031456,32.69176703421233,9.249910784735404,-1.4467312950441382e-06,0.0,5.319036037546281,20.176327219432352,16.0,19.668772940706607,16.0,-1.5954864269768443,0.0,0.0,1.6506300955373716,16.0,19.833097687887015,40.333200237701156,16.0,0.0,0.0,1.47410147370271e-06,-3.6937837555357196,2.4548423556457175,13.363387776206848,21.59853335035761,16.0,0.0,-1.2547228280785153e-06,0.0,-5.557872250481288,0.0,-1.990179991478736,21.199465574788164,32.59499055285453,5.19059766789748,-0.17586248796517867,-0.1672243254601132,0.0,-6.738092502327445,0.0,11.450476274669864,27.03659301800294,0.0,-1.4052743531473153,-1.2396512466034645e-06,-1.6933021816077438,5.288847200449363,0.0,11.0,10.911374684190609,0.0,0.0,1,6,severe_covariate
0.0,0.0,24.314579013650288,17.407452970802115,16.0,22.948526491728742,0.0,-9.912788175057077e-07,1.4236606529491932e-06,8.0,16.0,20.67930401429806,30.478104860250692,35.35082305304217,3.1650842623209514,-9.588041321542305e-07,0.0,13.803704999756265,15.905565677577222,10.0,18.00935256367993,8.0,-4.139521672728661,0.0,0.0,-3.932158789855349,4.0,17.81259866639171,31.68760082044994,1.0,0.0,0.0,1.2066942258091824e-06,-5.561032859537983,-2.983223912885691,16.697573705310475,11.826974238240837,0.0,0.0,-1.1389574006249558e-06,0.0,-6.600778429301106,0.0,4.538034008846136,21.777764460600224,9.495390739136143,7.363148445677481,-0.20083150346056267,-0.1761708395830617,0.0,-7.478590516490024,8.0,21.858915007363546,13.95592599789377,0.0,-1.6145007235492068,-1.0496641514294344e-06,-1.4589736798687876,28.288257396983983,16.0,15.0,-6.944068419555421,0.0,0.0,3,6,severe_covariate
0.0,0.0,13.65844012272228,12.60593350989233,13.0,28.728977070597804,0.0,-8.708397518122253e-07,1.3818745609783551e-06,7.0,13.0,15.873054817998717,18.499960306206425,32.07256735553365,4.046995441345288,-1.082138763936289e-06,0.0,12.32787417311746,25.165982884223652,4.0,15.386592619449685,16.0,2.4637269295504516,0.0,0.0,-5.289706896340745,6.0,12.140080220085858,23.171444327000046,9.0,4.0,0.0,1.2990736205965899e-06,-5.19008295180536,-6.103337581517555,-6.536011137675165,-6.481733513839579,8.0,8.0,-1.1541926250106003e-06,0.0,-5.8780541187265065,0.0,-8.226886131303448,-9.884321256124197,18.938995674441855,19.424187435514646,-0.2070395493893341,-0.22351332354873824,0.0,-5.3080870063026815,3.0,-1.413171516831378,23.65138095471661,6.0,-1.1506718802208784,-1.3176352998182136e-06,-1.2056334259707695,16.727835496374137,16.0,16.0,8.570763998077709,1.0,0.0,9,6,severe_covariate
0.0,0.0,20.226745790068506,13.545120839059585,11.0,8.93449902440661,0.0,-1.5336569035037524e-06,1.3334189378630217e-06,0.0,6.0,13.467205577218506,20.967970592867395,30.103121699823504,4.0807409294128325,-1.0596208774436634e-06,0.0,4.828236511533087,7.904627338612488,5.0,-5.298774178153465,11.0,4.471226728845272,0.0,0.0,-4.9028296073572095,13.0,15.86611540983052,7.6666199505017545,7.0,5.0,0.0,1.130278954623663e-06,0.18837370392634212,20.974597476780108,-5.103936154283302,-6.991362459962447,10.0,4.0,-1.2663169493953764e-06,0.0,-0.9107632066538627,14.0,-6.762815664048234,-3.022675059070976,28.682949183713234,6.7238970306860315,-0.1666165337708138,-0.1448054370960177,2.0,11.722898623325698,8.0,15.23256495155122,20.16880322578166,0.0,-1.2259703562027733,-1.6224323560822399e-06,-1.6477963775912985,18.214673172849533,14.0,10.0,-6.324881011685569,0.0,0.0,0,6,severe_covariate
0.0,0.0,21.813852550155612,15.447754453027692,8.0,7.0317854238365864,0.0,-1.0421977337633021e-06,1.3716052810057604e-06,0.0,16.0,12.386737539534243,23.5244092736616,12.433952428716138,9.912587155782903,-1.1062446257371189e-06,0.0,4.3380379312028925,26.70968636471027,5.0,2.5974949835530374,10.0,9.302658243066713,0.0,0.0,-5.9482228605292295,4.0,14.280085843994257,28.41411252611524,11.0,0.0,0.0,1.228270632793838e-06,-5.072758579325419,-3.997617174422488,14.784442899158785,15.203929782277116,0.0,0.0,-1.1886610489741655e-06,0.0,-3.6049297575974064,14.0,2.831030282234032,12.582975520485817,14.555745237473285,6.914013897041551,-0.1942445746000777,-0.1593145844486614,7.0,7.5307117912660795,0.0,-0.9584330549694011,22.184246404737788,0.0,-1.2229093962994209,-1.16492923795667e-06,-0.22705322109301218,22.43790519941996,11.0,12.0,11.134421009930582,0.0,0.0,8,6,severe_covariate
0.0,0.0,6.809533382039796,-5.184364226224519,12.0,15.951650982624072,0.0,-1.2371799542955754e-06,1.290221497886738e-06,0.0,0.0,26.134661047574735,30.66231406078984,10.526480555542504,3.7262634346371946,-9.076550434971805e-07,0.0,4.481375608008166,15.977664830683016,16.0,2.211230203868292,1.0,0.7556935674352787,0.0,0.0,2.055576905612247,16.0,8.365221874016193,8.567177420780654,15.0,9.0,0.0,1.1780118775638726e-06,15.444873812250004,19.844019460504843,1.7371650616249115,12.502273806501668,16.0,6.0,-1.2378179079419064e-06,0.0,12.535893289874272,16.0,14.652521442748753,20.444330721136495,30.1679018699962,7.927150769724838,-0.20822976744050137,-0.168904628009988,1.0,2.1396913189384614,4.0,16.44028035660446,21.50292009530759,0.0,-1.6273546999223585,-1.0541518455095415e-06,-2.4856103920660084,7.09199024171468,0.0,14.0,9.019941551007316,0.0,0.0,4,6,severe_covariate
0.0,0.0,5.443137802901139,10.973994261359218,16.0,15.10625738580726,0.0,-1.0104959637895933e-06,1.2531711599951428e-06,0.0,0.0,25.07561247116499,31.4093519044115,15.94816929650772,3.245974381085656,-1.3527591801865966e-06,0.0,5.454704128697803,12.731315441536744,16.0,19.208648830653416,5.0,-3.043464897305968,0.0,0.0,14.393873125577722,16.0,17.765218009126787,38.31709733276334,3.0,0.0,0.0,1.0377081370485782e-06,2.5601093595776763,8.667926043457198,17.482616417347078,21.596940379808007,2.0,0.0,-1.1660458787895934e-06,0.0,-5.505516857612012,0.0,11.646421270824401,20.25391522940907,12.074617769021676,4.62978215482177,-0.18512175753848387,-0.19575121664337433,0.0,-7.837216715853638,11.0,20.49729413285292,9.790208375271083,0.0,-1.1458104056402667,-1.4553834117377955e-06,-2.143600379164104,6.776615883252661,8.0,16.0,8.178208807836196,0.0,0.0,1,6,severe_covariate
